<keymap version="1" name="Visual Studio copy" parent="Visual Studio">
  <action id="ActivateCMakeToolWindow">
    <keyboard-shortcut first-keystroke="shift ctrl r" />
  </action>
  <action id="ActivateFavoritesToolWindow" />
  <action id="ActivateTerminalToolWindow">
    <keyboard-shortcut first-keystroke="ctrl alt 1" />
    <keyboard-shortcut first-keystroke="ctrl t" />
  </action>
  <action id="ActivateVersionControlToolWindow">
    <keyboard-shortcut first-keystroke="alt 9" />
    <keyboard-shortcut first-keystroke="ctrl alt g" />
    <keyboard-shortcut first-keystroke="alt 2" />
  </action>
  <action id="Annotate">
    <keyboard-shortcut first-keystroke="ctrl b" />
  </action>
  <action id="Arrangement.Alias.Rule.Edit" />
  <action id="Arrangement.Rule.Edit" />
  <action id="Back">
    <mouse-shortcut keystroke="button4" />
    <keyboard-shortcut first-keystroke="alt left" />
  </action>
  <action id="BookmarksView.Rename" />
  <action id="CIDR.Lang.Cpp.GenerateDefinitions" />
  <action id="CIDR.Lang.IntroduceConstant" />
  <action id="CIDR.Lang.IntroduceParameter" />
  <action id="CIDR.Lang.IntroduceVariable" />
  <action id="CIDR.Lang.ObjC.IntroduceIvar" />
  <action id="CMake.ReloadCMakeProject">
    <keyboard-shortcut first-keystroke="shift ctrl r" />
  </action>
  <action id="CallHierarchy" />
  <action id="ChangeSignature" />
  <action id="ChangesView.Diff" />
  <action id="ChangesView.Rename" />
  <action id="CloseContent">
    <keyboard-shortcut first-keystroke="ctrl f4" />
    <keyboard-shortcut first-keystroke="ctrl w" />
  </action>
  <action id="CodeCleanup" />
  <action id="CommentByBlockComment">
    <keyboard-shortcut first-keystroke="shift ctrl slash" />
    <keyboard-shortcut first-keystroke="shift ctrl divide" />
    <keyboard-shortcut first-keystroke="shift ctrl back_slash" />
  </action>
  <action id="CommentByLineComment">
    <keyboard-shortcut first-keystroke="ctrl alt slash" />
    <keyboard-shortcut first-keystroke="ctrl alt divide" />
    <keyboard-shortcut first-keystroke="ctrl k" second-keystroke="c" />
    <keyboard-shortcut first-keystroke="ctrl k" second-keystroke="ctrl c" />
    <keyboard-shortcut first-keystroke="ctrl k" second-keystroke="ctrl slash" />
    <keyboard-shortcut first-keystroke="ctrl k" second-keystroke="ctrl u" />
    <keyboard-shortcut first-keystroke="ctrl slash" />
    <keyboard-shortcut first-keystroke="ctrl back_slash" />
  </action>
  <action id="CompareTwoFiles" />
  <action id="Console.TableResult.CloneRow" />
  <action id="Console.TableResult.CompareCells" />
  <action id="Console.TableResult.EditValue">
    <keyboard-shortcut first-keystroke="enter" />
    <keyboard-shortcut first-keystroke="alt enter" />
  </action>
  <action id="Console.TableResult.NavigateForeignAction">
    <keyboard-shortcut first-keystroke="f12" />
    <mouse-shortcut keystroke="control button1" />
    <mouse-shortcut keystroke="button2" />
  </action>
  <action id="Console.TableResult.NextPage" />
  <action id="CopyReference" />
  <action id="DatabaseView.CopyAction" />
  <action id="DatabaseView.SqlGenerator" />
  <action id="Diff.NextChange" />
  <action id="Diff.PrevChange" />
  <action id="Diff.ShowDiff" />
  <action id="Diff.ShowSettingsPopup" />
  <action id="EditorChooseLookupItemDot" />
  <action id="EditorCloneCaretBelow">
    <keyboard-shortcut first-keystroke="ctrl q" />
  </action>
  <action id="EditorDeleteLine">
    <keyboard-shortcut first-keystroke="shift ctrl l" />
    <keyboard-shortcut first-keystroke="ctrl d" />
  </action>
  <action id="EditorDuplicate">
    <keyboard-shortcut first-keystroke="shift ctrl d" />
  </action>
  <action id="EditorMatchBrace">
    <keyboard-shortcut first-keystroke="shift ctrl m" />
    <keyboard-shortcut first-keystroke="ctrl close_bracket" />
  </action>
  <action id="EditorMoveToPageBottom" />
  <action id="EditorMoveToPageTop" />
  <action id="EditorRightWithSelection">
    <keyboard-shortcut first-keystroke="shift right" />
  </action>
  <action id="EditorSelectWord">
    <keyboard-shortcut first-keystroke="ctrl alt right" />
  </action>
  <action id="EditorToggleShowWhitespaces" />
  <action id="EditorToggleUseSoftWraps">
    <keyboard-shortcut first-keystroke="alt z" />
  </action>
  <action id="ExtractMethod" />
  <action id="FileChooser.GoToRoot" />
  <action id="FileChooser.GotoDesktop" />
  <action id="Forward">
    <keyboard-shortcut first-keystroke="ctrl alt right" />
    <mouse-shortcut keystroke="button5" />
    <keyboard-shortcut first-keystroke="alt right" />
  </action>
  <action id="Git.Rename.Local.Branch" />
  <action id="Git.Reword.Commit" />
  <action id="GotoChangedFile" />
  <action id="GotoFile">
    <keyboard-shortcut first-keystroke="shift ctrl t" />
    <keyboard-shortcut first-keystroke="ctrl e" />
  </action>
  <action id="GotoNextBookmarkInEditor">
    <keyboard-shortcut first-keystroke="f2" />
  </action>
  <action id="GotoPreviousBookmarkInEditor">
    <keyboard-shortcut first-keystroke="shift f2" />
  </action>
  <action id="GotoUrlAction" />
  <action id="Graph.ActualSize">
    <keyboard-shortcut first-keystroke="ctrl divide" />
  </action>
  <action id="HideAllWindows">
    <keyboard-shortcut first-keystroke="shift ctrl f12" />
    <keyboard-shortcut first-keystroke="f4" />
  </action>
  <action id="Images.Editor.ActualSize">
    <keyboard-shortcut first-keystroke="ctrl divide" />
  </action>
  <action id="Images.Thumbnails.Hide">
    <keyboard-shortcut first-keystroke="ctrl f4" />
    <keyboard-shortcut first-keystroke="ctrl w" />
  </action>
  <action id="Inline" />
  <action id="InsertLiveTemplate" />
  <action id="IntroduceConstant" />
  <action id="IntroduceField" />
  <action id="IntroduceParameter" />
  <action id="IntroduceVariable" />
  <action id="Jdbc.OpenConsole.New" />
  <action id="Jdbc.OpenConsole.New.Generate" />
  <action id="List-selectNextColumnExtendSelection">
    <keyboard-shortcut first-keystroke="shift right" />
  </action>
  <action id="MaximizeActiveDialog">
    <keyboard-shortcut first-keystroke="f4" />
  </action>
  <action id="Move" />
  <action id="MoveEditorToOppositeTabGroup">
    <keyboard-shortcut first-keystroke="shift alt right" />
  </action>
  <action id="MoveTabRight">
    <keyboard-shortcut first-keystroke="shift alt up" />
  </action>
  <action id="NextDiff">
    <keyboard-shortcut first-keystroke="ctrl alt down" />
  </action>
  <action id="NextOccurence" />
  <action id="NextTab">
    <keyboard-shortcut first-keystroke="ctrl page_down" />
  </action>
  <action id="PinActiveTab">
    <keyboard-shortcut first-keystroke="alt p" />
  </action>
  <action id="PreviousDiff">
    <keyboard-shortcut first-keystroke="shift f7" />
    <keyboard-shortcut first-keystroke="ctrl alt up" />
  </action>
  <action id="PreviousTab">
    <keyboard-shortcut first-keystroke="ctrl page_up" />
  </action>
  <action id="QuickJavaDoc" />
  <action id="RecentFiles">
    <keyboard-shortcut first-keystroke="ctrl comma" />
    <keyboard-shortcut first-keystroke="ctrl r" />
  </action>
  <action id="Refactorings.QuickListPopupAction" />
  <action id="RenameElement">
    <keyboard-shortcut first-keystroke="f6" />
  </action>
  <action id="RiderBackendAction-EncapsulateField" />
  <action id="RunConfiguration">
    <keyboard-shortcut first-keystroke="ctrl alt x" />
    <keyboard-shortcut first-keystroke="ctrl alt released x" />
  </action>
  <action id="RunDashboard.CopyConfiguration" />
  <action id="SafeDelete">
    <keyboard-shortcut first-keystroke="alt delete" />
  </action>
  <action id="SearchEverywhere" />
  <action id="SendEOF" />
  <action id="ServiceView.JumpToServices" />
  <action id="ShelvedChanges.Rename" />
  <action id="ShowNavBar" />
  <action id="SilentCodeCleanup" />
  <action id="SurroundWithLiveTemplate" />
  <action id="SwitcherIterateItems">
    <keyboard-shortcut first-keystroke="shift ctrl q" />
  </action>
  <action id="SwitcherRecentEditedChangedToggleCheckBox" />
  <action id="Table-selectNextColumnExtendSelection">
    <keyboard-shortcut first-keystroke="shift right" />
  </action>
  <action id="Table-startEditing" />
  <action id="TodoViewGroupByFlattenPackage" />
  <action id="ToggleBookmark">
    <keyboard-shortcut first-keystroke="ctrl k" second-keystroke="k" />
    <keyboard-shortcut first-keystroke="ctrl k" second-keystroke="ctrl k" />
    <keyboard-shortcut first-keystroke="ctrl f2" />
    <keyboard-shortcut first-keystroke="alt f2" />
  </action>
  <action id="ToggleInlayHintsGloballyAction">
    <keyboard-shortcut first-keystroke="ctrl alt h" />
  </action>
  <action id="Tree-startEditing" />
  <action id="TypeHierarchy" />
  <action id="Uml.ShowDiff" />
  <action id="Unscramble" />
  <action id="UnsplitAll">
    <keyboard-shortcut first-keystroke="shift alt down" />
  </action>
  <action id="ViewNavigationBar">
    <keyboard-shortcut first-keystroke="shift ctrl n" />
  </action>
  <action id="WebOpenInAction">
    <keyboard-shortcut first-keystroke="ctrl alt f2" />
  </action>
  <action id="XDebugger.CopyWatch" />
  <action id="XDebugger.SetValue" />
  <action id="XPathView.Actions.Evaluate" />
  <action id="XPathView.Actions.FindByExpression" />
  <action id="XPathView.Actions.ShowPath" />
  <action id="com.github.kawamataryo.copygitlink.CopyPermalink">
    <keyboard-shortcut first-keystroke="ctrl alt c" />
    <keyboard-shortcut first-keystroke="shift ctrl alt c" />
  </action>
  <action id="editRunConfigurations">
    <keyboard-shortcut first-keystroke="ctrl alt c" />
  </action>
  <action id="openAssertEqualsDiff" />
  <action id="org.intellij.plugins.markdown.ui.actions.styling.ToggleBoldAction" />
  <action id="texify.insert.fontstyle.SmallCaps" />
</keymap>